ID,Title,DueDate,Completed
1,Activity 1,2021-05-17T10:10:26.8523773+00:00,false
2,Activity 2,2021-05-17T11:10:26.8523773+00:00,true
3,Activity 3,2021-05-17T12:10:26.8523773+00:00,false
4,Activity 4,2021-05-17T13:10:26.8523773+00:00,true
5,Activity 5,2021-05-17T14:10:26.8523773+00:00,false
6,Activity 6,2021-05-17T15:10:26.8523773+00:00,true
7,Activity 7,2021-05-17T16:10:26.8523773+00:00,false
8,Activity 8,2021-05-17T17:10:26.8523773+00:00,true
9,Activity 9,2021-05-17T18:10:26.8523773+00:00,false
10,Activity 10,2021-05-17T19:10:26.8523773+00:00,true
11,Activity 11,2021-05-17T20:10:26.8523773+00:00,false
12,Activity 12,2021-05-17T21:10:26.8523773+00:00,true
13,Activity 13,2021-05-17T22:10:26.8523773+00:00,false
14,Activity 14,2021-05-17T23:10:26.8523773+00:00,true
15,Activity 15,2021-05-18T00:10:26.8523773+00:00,false
16,Activity 16,2021-05-18T01:10:26.8523773+00:00,true
17,Activity 17,2021-05-18T02:10:26.8523773+00:00,false
18,Activity 18,2021-05-18T03:10:26.8523773+00:00,true
19,Activity 19,2021-05-18T04:10:26.8523773+00:00,false
20,Activity 20,2021-05-18T05:10:26.8523773+00:00,true
21,Activity 21,2021-05-18T06:10:26.8523773+00:00,false
22,Activity 22,2021-05-18T07:10:26.8523773+00:00,true
23,Activity 23,2021-05-18T08:10:26.8523773+00:00,false
24,Activity 24,2021-05-18T09:10:26.8523773+00:00,true
25,Activity 25,2021-05-18T10:10:26.8523773+00:00,false
26,Activity 26,2021-05-18T11:10:26.8523773+00:00,true
27,Activity 27,2021-05-18T12:10:26.8523773+00:00,false
28,Activity 28,2021-05-18T13:10:26.8523773+00:00,true
29,Activity 29,2021-05-18T14:10:26.8523773+00:00,false
30,Activity 30,2021-05-18T15:10:26.8523773+00:00,true
